Title,Description,Price_USD,Price_EUR,Date_ExchangeRate
Fantastic Steel Shirt,"Andy shoes are designed to keeping in mind durability as well as trends, the most stylish range of shoes & sandals",626,585.92,2023-03-01
Recycled Cotton Cheese,New range of formal shirts are designed keeping you in mind. With fits and styling that will make you stand apart,537,502.62,2023-03-01
Unbranded Concrete Sausages,"The Apollotech B340 is an affordable wireless mouse with reliable connectivity, 12 months battery life and modern design",777,727.26,2023-03-01
Generic Soft Towels,"The Apollotech B340 is an affordable wireless mouse with reliable connectivity, 12 months battery life and modern design",184,172.22,2023-03-01
Unbranded Wooden Bacon,"The Nagasaki Lander is the trademarked name of several series of Nagasaki sport bikes, that started with the 1984 ABC800J",660,617.75,2023-03-01
Generic Bronze Chair,"Boston's most advanced compression wear technology increases muscle oxygenation, stabilizes active muscles",416,389.37,2023-03-01
Incredible Granite Computer,The slim & simple Maple Gaming Keyboard from Dev Byte comes with a sleek body and 7- Color RGB LED Back-lighting for smart functionality,205,191.88,2023-03-01
Tasty Steel Pizza,"The Apollotech B340 is an affordable wireless mouse with reliable connectivity, 12 months battery life and modern design",518,484.84,2023-03-01
Practical Rubber Car,The Football Is Good For Training And Recreational Purposes,545,510.11,2023-03-01
Electronic Plastic Chair,The beautiful range of Apple Naturalé that has an exciting mix of natural ingredients. With the Goodness of 100% Natural Ingredients,334,312.62,2023-03-01
Elegant Metal Pizza,The slim & simple Maple Gaming Keyboard from Dev Byte comes with a sleek body and 7- Color RGB LED Back-lighting for smart functionality,773,723.51,2023-03-01
Licensed Fresh Table,New range of formal shirts are designed keeping you in mind. With fits and styling that will make you stand apart,626,585.92,2023-03-01
Sleek Steel Chicken,"The Apollotech B340 is an affordable wireless mouse with reliable connectivity, 12 months battery life and modern design",695,650.51,2023-03-01
Gorgeous Cotton Ball,"The automobile layout consists of a front-engine design, with transaxle-type transmissions mounted at the rear of the engine and four wheel drive",759,710.41,2023-03-01
Refined Fresh Bacon,"New ABC 13 9370, 13.3, 5th Gen CoreA5-8250U, 8GB RAM, 256GB SSD, power UHD Graphics, OS 10 Home, OS Office A & J 2016",310,290.15,2023-03-01
Rustic Metal Pizza,Carbonite web goalkeeper gloves are ergonomically designed to give easy fit,385,360.35,2023-03-01
Modern Rubber Chicken,The beautiful range of Apple Naturalé that has an exciting mix of natural ingredients. With the Goodness of 100% Natural Ingredients,96,89.85,2023-03-01
Licensed Rubber Table,The slim & simple Maple Gaming Keyboard from Dev Byte comes with a sleek body and 7- Color RGB LED Back-lighting for smart functionality,52,48.67,2023-03-01
Luxurious Soft Chair,"The Nagasaki Lander is the trademarked name of several series of Nagasaki sport bikes, that started with the 1984 ABC800J",296,277.05,2023-03-01
Tasty Rubber Bike,"The Apollotech B340 is an affordable wireless mouse with reliable connectivity, 12 months battery life and modern design",811,759.08,2023-03-01
Refined Frozen Pants,"New ABC 13 9370, 13.3, 5th Gen CoreA5-8250U, 8GB RAM, 256GB SSD, power UHD Graphics, OS 10 Home, OS Office A & J 2016",26,24.34,2023-03-01
Handmade Metal Shirt,New range of formal shirts are designed keeping you in mind. With fits and styling that will make you stand apart,728,681.39,2023-03-01
Handcrafted Bronze Table,"Andy shoes are designed to keeping in mind durability as well as trends, the most stylish range of shoes & sandals",680,636.47,2023-03-01
Incredible Metal Towels,The beautiful range of Apple Naturalé that has an exciting mix of natural ingredients. With the Goodness of 100% Natural Ingredients,525,491.39,2023-03-01
Incredible Cotton Table,"Andy shoes are designed to keeping in mind durability as well as trends, the most stylish range of shoes & sandals",239,223.7,2023-03-01
Elegant Cotton Pizza,"New ABC 13 9370, 13.3, 5th Gen CoreA5-8250U, 8GB RAM, 256GB SSD, power UHD Graphics, OS 10 Home, OS Office A & J 2016",210,196.56,2023-03-01
Modern Fresh Soap,"New ABC 13 9370, 13.3, 5th Gen CoreA5-8250U, 8GB RAM, 256GB SSD, power UHD Graphics, OS 10 Home, OS Office A & J 2016",648,606.51,2023-03-01
Oriental Cotton Gloves,The slim & simple Maple Gaming Keyboard from Dev Byte comes with a sleek body and 7- Color RGB LED Back-lighting for smart functionality,974,911.64,2023-03-01
Modern Rubber Chicken,"Boston's most advanced compression wear technology increases muscle oxygenation, stabilizes active muscles",746,698.24,2023-03-01
Gorgeous Steel Bacon,"The automobile layout consists of a front-engine design, with transaxle-type transmissions mounted at the rear of the engine and four wheel drive",478,447.4,2023-03-01
Gorgeous Metal Chicken,"The Nagasaki Lander is the trademarked name of several series of Nagasaki sport bikes, that started with the 1984 ABC800J",1,0.94,2023-03-01
Electronic Wooden Sausages,The beautiful range of Apple Naturalé that has an exciting mix of natural ingredients. With the Goodness of 100% Natural Ingredients,333,311.68,2023-03-01
Practical Cotton Ball,"Andy shoes are designed to keeping in mind durability as well as trends, the most stylish range of shoes & sandals",631,590.6,2023-03-01
Elegant Wooden Bacon,The Football Is Good For Training And Recreational Purposes,118,110.45,2023-03-01
Handcrafted Cotton Chips,"The Nagasaki Lander is the trademarked name of several series of Nagasaki sport bikes, that started with the 1984 ABC800J",895,837.7,2023-03-01
Incredible Granite Soap,"The automobile layout consists of a front-engine design, with transaxle-type transmissions mounted at the rear of the engine and four wheel drive",503,470.8,2023-03-01
Oriental Granite Car,"The Apollotech B340 is an affordable wireless mouse with reliable connectivity, 12 months battery life and modern design",66,61.77,2023-03-01
